"County","Sector","2018","2017","2016","2015","2014","2013","2012","2011","2010","2009","2008","2007","2006","2005","2004","2003","2002","2001","2000","1999","1998","1997","1996","1995","1994","1993","1992","1991","1990","Total Usage"
"ALAMEDA","Non-Residential","    7465.239633","    8108.827570","    7891.021676","    7357.909178","    7422.865469","    7647.457064","    7601.906546","    7964.101144","    7706.530425","    7348.677752","    8187.679756","    8770.552032","    8067.962419","    8044.391442","    7776.455865","    7665.089562","    7614.472072","    7443.645832","    7736.127642","    7766.111969","    7193.585121","    7823.244481","    7769.025061","    7309.930938","    6668.237122","    7260.776432","    6822.523242","    6809.573768","    7109.299895","  220353.221108"
"ALAMEDA","Residential","    2951.870114","    2997.541830","    2923.672818","    2899.423542","    2895.491569","    2987.473944","    3000.871672","    3025.991830","    3022.056087","    3016.614983","    2996.156961","    2971.616958","    3118.382750","    3025.561684","    2898.154798","    2937.329874","    2811.727614","    2745.259357","    2926.151585","    2890.777922","    2791.332065","    2674.834394","    2615.308775","    2548.457958","    2774.566317","    2529.229286","    2465.000074","    2515.209970","    2498.265626","   82454.332357"
"ALAMEDA","Total","   10417.109747","   11106.369400","   10814.694495","   10257.332720","   10318.357038","   10634.931009","   10602.778217","   10990.092975","   10728.586512","   10365.292735","   11183.836717","   11742.168989","   11186.345169","   11069.953125","   10674.610662","   10602.419436","   10426.199686","   10188.905190","   10662.279227","   10656.889891","    9984.917186","   10498.078875","   10384.333836","    9858.388895","    9442.803439","    9790.005719","    9287.523316","    9324.783738","    9607.565521","  302807.553465"
"ALPINE","Non-Residential","       9.283298","       9.025215","       8.124741","       4.354396","       4.008389","       4.752038","       4.590161","       5.199864","       5.203784","       5.234789","       9.368614","      10.685739","       9.377073","       9.132023","       9.431229","       5.112883","       4.671739","       5.081493","       5.159971","       4.617177","       4.832369","       4.468048","       4.384382","       4.296693","       4.382027","       4.485710","       4.224083","       3.906455","       3.581764","     170.976147"
"ALPINE","Residential","       9.420910","       9.951697","       9.290913","      11.855504","      11.974975","      13.424431","       9.298178","       9.093424","      12.451971","      13.029405","       8.899778","       9.326645","       9.537211","       8.090874","       8.996372","       6.352394","       6.720953","       6.858448","       6.247035","       6.597345","       6.792005","       6.373298","       6.063832","       6.231561","       6.183168","       6.812776","       5.808735","       6.165242","       6.036978","     243.886058"
"ALPINE","Total","      18.704208","      18.976912","      17.415654","      16.209900","      15.983364","      18.176468","      13.888339","      14.293288","      17.655755","      18.264193","      18.268392","      20.012384","      18.914285","      17.222897","      18.427601","      11.465277","      11.392691","      11.939940","      11.407006","      11.214522","      11.624374","      10.841346","      10.448214","      10.528255","      10.565195","      11.298486","      10.032819","      10.071697","       9.618742","     414.862204"
"AMADOR","Non-Residential","     163.013446","     169.612048","     173.832142","     152.643553","     154.793331","     170.867308","     180.777774","     169.979564","     175.751430","     184.051066","     188.044147","     179.985237","     165.207077","     160.639866","     165.145971","     142.213818","     135.648466","     184.203109","     234.771988","     210.245556","     202.250131","     202.181877","     215.523316","     250.506536","     240.422295","     243.241198","     229.456968","     229.735421","     210.835640","    5485.580279"
"AMADOR","Residential","     137.506340","     143.907989","     135.803182","     132.980232","     134.805266","     139.516716","     141.039818","     140.241620","     139.982404","     142.947730","     144.135365","     142.626229","     142.579005","     134.486227","     135.731053","     129.232694","     126.498194","     121.406460","     127.238094","     124.602037","     123.223191","     114.815322","     115.017917","     110.744724","     110.372675","     109.035503","     105.907059","     108.875556","     105.093388","    3720.351990"
"AMADOR","Total","     300.519785","     313.520037","     309.635323","     285.623785","     289.598598","     310.384025","     321.817592","     310.221184","     315.733834","     326.998796","     332.179512","     322.611466","     307.786082","     295.126093","     300.877024","     271.446512","     262.146660","     305.609569","     362.010082","     334.847593","     325.473322","     316.997198","     330.541233","     361.251260","     350.794970","     352.276701","     335.364027","     338.610978","     315.929028","    9205.932269"
"BUTTE","Non-Residential","     756.702499","     769.610424","     760.806386","     780.488761","     770.622394","     773.447012","     768.594002","     713.419067","     707.453703","     724.516621","     746.736926","     800.564412","     719.683097","     672.357872","     688.024349","     665.800743","     710.564686","     643.683571","     858.737526","     755.056133","     663.718453","     944.057618","     776.793460","     721.017567","     962.960481","     694.270068","     728.857099","     754.417745","     853.894130","   21886.856805"
"BUTTE","Residential","     722.508276","     764.882232","     725.718157","     716.501321","     721.286274","     730.982498","     739.536468","     726.302478","     719.403746","     731.892206","     724.065281","     715.052735","     708.685816","     686.092268","     689.915946","     658.820517","     638.765166","     604.727634","     705.771423","     629.151655","     616.782380","     597.449897","     594.667475","     559.101202","     556.276390","     551.043168","     555.149304","     553.073852","     547.901570","   19191.507335"
"BUTTE","Total","    1479.210775","    1534.492656","    1486.524542","    1496.990082","    1491.908668","    1504.429510","    1508.130470","    1439.721545","    1426.857449","    1456.408827","    1470.802207","    1515.617147","    1428.368912","    1358.450140","    1377.940296","    1324.621261","    1349.329852","    1248.411205","    1564.508949","    1384.207787","    1280.500833","    1541.507515","    1371.460934","    1280.118768","    1519.236871","    1245.313236","    1284.006403","    1307.491598","    1401.795701","   41078.364139"
"CALAVERAS","Non-Residential","     129.666054","     132.581163","     117.148249","     119.382018","     126.035900","     125.859211","     124.029168","     124.456822","     116.893714","     121.260187","     119.359437","     122.330582","     123.266048","     119.895649","      99.087106","      94.780181","      97.364260","      86.515141","      81.848138","      79.783645","      76.174609","      76.243264","      69.294418","      65.145714","      86.719368","     101.921925","     107.287440","     108.402558","     105.650088","    3058.382057"
"CALAVERAS","Residential","     202.779767","     215.147744","     198.752467","     191.705184","     192.867729","     200.018332","     201.710548","     200.629843","     198.068763","     202.050995","     200.684529","     199.904684","     195.080656","     187.987183","     189.278127","     177.277281","     175.359697","     168.848427","     173.581127","     170.901347","     167.369797","     157.714415","     153.829455","     148.585115","     146.123388","     145.291775","     140.066797","     143.201069","     138.299372","    5183.115613"
"CALAVERAS","Total","     332.445821","     347.728906","     315.900716","     311.087202","     318.903628","     325.877542","     325.739716","     325.086665","     314.962477","     323.311182","     320.043966","     322.235265","     318.346704","     307.882832","     288.365233","     272.057463","     272.723957","     255.363568","     255.429265","     250.684992","     243.544406","     233.957679","     223.123873","     213.730829","     232.842757","     247.213700","     247.354237","     251.603627","     243.949460","    8241.497668"
"COLUSA","Non-Residential","     235.372158","     227.604484","     234.227066","     244.513369","     240.570148","     234.065914","     213.971475","     206.446520","     193.040212","     200.037944","     193.074400","     186.483865","     183.224933","     184.719636","     175.423030","     163.501641","     198.647619","     196.950031","     184.207127","     187.789259","     150.243733","     160.209239","     151.239858","     144.016009","     154.017770","     145.180261","     145.705115","     143.530792","     145.044750","    5423.058358"
"COLUSA","Residential","      65.824078","      68.631324","      64.983202","      64.437041","      64.870282","      64.849594","      65.669299","      64.398060","      63.431713","      65.593007","      64.254493","      64.189496","      65.001533","      63.477249","      59.635552","      58.228832","      54.718416","      53.398152","      56.692548","      54.987594","      54.668412","      54.037338","      53.461666","      50.557113","      50.078667","      49.733609","      50.535778","      50.731018","      50.598114","    1711.673180"
"COLUSA","Total","     301.196236","     296.235808","     299.210268","     308.950409","     305.440430","     298.915508","     279.640774","     270.844580","     256.471925","     265.630951","     257.328894","     250.673361","     248.226466","     248.196885","     235.058583","     221.730473","     253.366034","     250.348184","     240.899676","     242.776854","     204.912146","     214.246577","     204.701523","     194.573122","     204.096438","     194.913870","     196.240893","     194.261811","     195.642863","    7134.731542"
"CONTRA COSTA","Non-Residential","    6495.669665","    6840.589382","    6874.102774","    6776.011140","    6847.951995","    6359.564658","    6324.077383","    6350.149214","    6380.867319","    6305.439747","    6567.125112","    5855.006770","    5928.926073","    5838.549807","    5885.971333","    5705.085899","    5547.976541","    5858.847782","    5987.529699","    6516.863926","    6227.664337","    6966.512586","    6747.460390","    6841.034944","    6769.255690","    6651.078676","    6306.654200","    6346.411603","    6521.032055","  184623.410700"
"CONTRA COSTA","Residential","    2814.796953","    2898.220795","    2764.370282","    2742.073498","    2740.240644","    2771.722517","    2770.143237","    2751.599891","    2733.989451","    2787.812326","    2784.644845","    2738.315780","    2745.485523","    2662.061392","    2650.015448","    2540.188182","    2484.832635","    2371.265356","    2636.944329","    2494.698140","    2447.707554","    2341.155238","    2316.045847","    2177.154476","    2137.669934","    2167.951542","    2094.083360","    2073.815256","    2074.798616","   73713.803047"
"CONTRA COSTA","Total","    9310.466618","    9738.810177","    9638.473056","    9518.084638","    9588.192639","    9131.287174","    9094.220620","    9101.749106","    9114.856771","    9093.252073","    9351.769957","    8593.322550","    8674.411597","    8500.611199","    8535.986781","    8245.274081","    8032.809176","    8230.113138","    8624.474028","    9011.562066","    8675.371891","    9307.667823","    9063.506237","    9018.189420","    8906.925624","    8819.030219","    8400.737561","    8420.226858","    8595.830671","  258337.213749"
"DEL NORTE","Non-Residential","      92.114024","      93.485615","      91.696703","      95.084433","      92.636764","      99.007282","      99.874810","     105.713202","     108.102033","     108.363909","     113.254197","     121.662221","     108.669652","     106.892357","     112.771936","      98.687201","     100.219477","     105.214511","     122.873881","     109.232731","     107.553034","     105.919114","     107.879753","     102.987081","     103.611343","     105.320957","     105.410068","     106.598321","     101.667808","    3032.504418"
"DEL NORTE","Residential","     113.694574","     122.407324","     112.179574","     116.055484","     110.048401","     126.501570","     127.726173","     132.176036","     133.511470","     132.965611","     136.525455","     133.596613","     127.850050","     122.848691","     121.926210","     121.625989","     117.072231","     114.904332","     113.613677","     112.136921","     110.065812","     107.696817","     139.830574","     106.566610","     110.776041","     116.229421","     106.383258","     104.812778","      90.982237","    3442.709934"
"DEL NORTE","Total","     205.808598","     215.892939","     203.876277","     211.139918","     202.685165","     225.508851","     227.600983","     237.889238","     241.613503","     241.329520","     249.779652","     255.258834","     236.519702","     229.741049","     234.698146","     220.313189","     217.291708","     220.118843","     236.487557","     221.369652","     217.618846","     213.615931","     247.710327","     209.553691","     214.387384","     221.550379","     211.793326","     211.411099","     192.650044","    6475.214351"
"EL DORADO","Non-Residential","     469.656521","     480.562418","     461.153555","     450.106887","     469.720159","     486.314489","     489.074753","     481.675131","     477.598069","     499.213669","     516.056742","     515.661922","     519.994996","     475.393467","     442.165561","     419.746629","     458.928107","     478.336821","     474.338387","     454.567158","     433.336892","     423.822846","     422.535900","     398.007576","     369.031987","     369.163780","     363.447253","     342.454657","     352.182173","   12994.248505"
"EL DORADO","Residential","     748.960579","     778.976893","     753.591907","     723.831358","     722.993813","     757.523468","     765.486160","     763.102125","     763.815767","     770.002846","     771.052370","     760.311706","     760.010643","     731.933785","     723.304120","     689.502505","     665.922969","     635.307528","     659.062993","     645.345931","     634.835862","     591.638586","     576.954082","     558.651068","     548.553618","     550.149822","     529.892679","     539.328355","     524.585004","   19644.628542"
"EL DORADO","Total","    1218.617099","    1259.539311","    1214.745462","    1173.938246","    1192.713972","    1243.837958","    1254.560912","    1244.777256","    1241.413836","    1269.216514","    1287.109112","    1275.973627","    1280.005639","    1207.327251","    1165.469681","    1109.249134","    1124.851077","    1113.644349","    1133.401379","    1099.913088","    1068.172754","    1015.461433","     999.489981","     956.658644","     917.585605","     919.313603","     893.339931","     881.783012","     876.767177","   32638.877043"
"FRESNO","Non-Residential","    4907.627753","    4641.655361","    4962.678732","    5012.233259","    4981.363605","    4819.061228","    4675.436682","    4294.639416","    4357.089238","    4462.226035","    4566.924289","    4583.157809","    4022.146659","    3966.009498","    4213.095259","    3977.764821","    4204.097849","    4107.525754","    4114.439441","    3983.992365","    3587.493948","    3841.740273","    3657.816323","    3540.037513","    3675.529637","    3454.815738","    3662.958348","    3431.774323","    3257.075644","  120962.406800"
"FRESNO","Residential","    2744.267090","    2795.322271","    2662.644724","    2674.195219","    2704.396374","    2693.670785","    2706.850379","    2591.308520","    2546.317527","    2615.705793","    2550.603439","    2521.674102","    2489.883989","    2377.024449","    2351.390196","    2299.324628","    2157.222046","    2082.563129","    2280.804406","    2109.267446","    2053.582810","    2033.819526","    2015.179260","    1895.082375","    1874.339769","    1832.378756","    1865.168616","    1840.839026","    1785.877540","   67150.704190"
"FRESNO","Total","    7651.894842","    7436.977632","    7625.323456","    7686.428478","    7685.759978","    7512.732013","    7382.287061","    6885.947936","    6903.406765","    7077.931828","    7117.527728","    7104.831911","    6512.030648","    6343.033947","    6564.485455","    6277.089449","    6361.319895","    6190.088883","    6395.243848","    6093.259811","    5641.076758","    5875.559798","    5672.995583","    5435.119888","    5549.869406","    5287.194494","    5528.126964","    5272.613349","    5042.953184","  188113.110988"
"GLENN","Non-Residential","     314.935292","     296.677120","     276.414306","     294.464463","     291.473564","     257.911754","     213.366593","     203.172548","     206.570891","     211.473927","     237.698154","     260.610514","     288.620478","     271.755201","     329.781168","     271.842726","     401.663116","     305.576004","     275.703534","     296.276346","     261.330357","     287.313489","     257.774030","     285.279977","     225.332979","     219.644395","     221.887668","     220.841250","     325.951850","    7811.343694"
"GLENN","Residential","      92.525338","      96.037645","      91.076379","      90.436030","      91.396388","      92.600924","      93.406129","      91.589762","      91.116628","      93.566425","      92.111384","      91.030965","      91.728413","      89.370165","      87.503719","      85.028453","      83.143351","      79.875324","      85.040456","      84.031922","      82.054330","      80.814743","      81.231995","      77.634517","      77.620997","      76.907618","      78.464810","      79.317239","      78.498601","    2505.160650"
"GLENN","Total","     407.460629","     392.714765","     367.490686","     384.900493","     382.869953","     350.512678","     306.772722","     294.762310","     297.687519","     305.040352","     329.809538","     351.641479","     380.348891","     361.125366","     417.284887","     356.871179","     484.806467","     385.451327","     360.743989","     380.308267","     343.384687","     368.128232","     339.006026","     362.914494","     302.953975","     296.552012","     300.352478","     300.158489","     404.450451","   10316.504341"
"HUMBOLDT","Non-Residential","     428.789637","     428.665747","     409.222021","     434.577097","     444.865908","     449.576965","     434.678030","     439.692417","     448.453286","     445.853699","     570.848988","     629.128060","     641.605882","     602.115960","     623.569369","     602.083902","     648.360604","     668.765629","     828.511048","     831.365948","     807.877611","     753.042136","     772.484699","     818.834965","     812.165610","     762.851136","     734.600335","     758.348590","     731.030954","   17961.966233"
"HUMBOLDT","Residential","     372.140643","     396.102388","     399.105809","     389.990132","     395.855367","     441.881333","     465.706650","     476.201780","     478.969039","     462.076678","     440.395754","     416.974615","     381.075575","     359.185691","     338.045831","     315.470915","     308.796388","     296.899316","     310.699293","     310.967570","     294.940346","     287.670931","     279.051340","     282.061741","     273.032342","     278.614872","     269.871863","     277.481786","     276.637302","   10275.903290"
"HUMBOLDT","Total","     800.930280","     824.768135","     808.327830","     824.567229","     840.721275","     891.458298","     900.384679","     915.894196","     927.422325","     907.930378","    1011.244742","    1046.102675","    1022.681457","     961.301651","     961.615200","     917.554817","     957.156992","     965.664945","    1139.210340","    1142.333519","    1102.817957","    1040.713067","    1051.536039","    1100.896706","    1085.197952","    1041.466008","    1004.472197","    1035.830376","    1007.668256","   28237.869521"
"IMPERIAL","Non-Residential","     802.778798","     793.032225","     875.730223","     867.980839","     895.608096","     911.037447","     923.602615","     915.178627","     894.055068","     911.697465","     961.390437","     877.944674","     908.911968","     936.079951","     948.499717","     912.407396","     810.708848","     869.704148","     721.711678","     559.984103","     620.023033","     813.513137","     822.645625","     810.426160","     794.266556","     763.275605","     686.033622","     644.086319","     640.630874","   23892.945254"
"IMPERIAL","Residential","     624.915454","     618.989015","     543.159545","     536.315921","     539.648944","     534.947372","     544.227415","     518.542842","     501.861949","     517.554176","     503.984111","     522.237482","     527.505519","     486.254405","     478.134462","     476.988502","     445.549367","     464.963421","     370.534379","     403.588289","     367.229676","     350.996039","     330.261908","     304.076615","     310.161299","      67.399539","      67.375904","      77.573168","     136.984365","   12171.961083"
"IMPERIAL","Total","    1427.694252","    1412.021240","    1418.889768","    1404.296760","    1435.257040","    1445.984819","    1467.830030","    1433.721469","    1395.917017","    1429.251641","    1465.374548","    1400.182156","    1436.417487","    1422.334355","    1426.634179","    1389.395898","    1256.258215","    1334.667569","    1092.246057","     963.572392","     987.252709","    1164.509176","    1152.907533","    1114.502774","    1104.427855","     830.675143","     753.409526","     721.659488","     777.615239","   36064.906335"
"INYO","Non-Residential","     151.167416","     145.828089","     167.572711","     151.014083","     154.011619","     172.953321","     179.548967","     179.868547","     172.217537","     173.246077","     156.131532","     159.444220","     166.323902","     165.698621","     175.859962","     165.568867","     174.036727","     172.518465","     179.985939","      82.784132","      61.149428","      60.496685","      58.761216","      54.044894","      49.959156","      46.434196","      45.375623","      50.120816","      57.256892","    3729.379640"
"INYO","Residential","      60.013788","      60.465891","      62.807670","      57.322839","      61.033607","      60.354511","      60.963913","      57.765555","      57.759072","      58.394708","      54.909089","      56.812374","      52.930928","      56.404796","      57.033355","      49.450452","      49.335328","      48.278468","      50.571939","      33.416124","      33.776659","      32.764011","      32.911372","      31.733539","      32.704783","      32.482845","      32.188117","      32.581660","      32.221356","    1399.388749"
"INYO","Total","     211.181204","     206.293981","     230.380381","     208.336922","     215.045226","     233.307832","     240.512880","     237.634102","     229.976609","     231.640785","     211.040622","     216.256594","     219.254831","     222.103417","     232.893317","     215.019319","     223.372055","     220.796933","     230.557877","     116.200256","      94.926087","      93.260696","      91.672588","      85.778432","      82.663938","      78.917041","      77.563740","      82.702477","      89.478248","    5128.768390"
"KERN","Non-Residential","   13560.561999","   16133.123857","   14265.094960","   12901.915876","   11988.602914","   12748.151088","   14399.355932","   13811.587241","   12859.665860","   12271.541376","   13303.384299","   15151.845369","   14398.341150","   12974.298013","   14662.094923","   13091.062450","   12603.753622","   11066.911919","    9719.778231","    9750.178931","    7859.463904","    9834.306829","    9090.895241","    7834.359024","    9423.064751","    8472.601698","    9161.737607","    9020.578232","   12082.611166","  344440.868462"
"KERN","Residential","    2381.833089","    2367.305093","    2264.619505","    2267.943879","    2306.080250","    2275.302343","    2275.997190","    2141.569372","    2095.804173","    2171.622819","    2146.901568","    2091.414749","    2052.653093","    1972.924944","    1865.689174","    1832.112153","    1677.638100","    1635.046327","    1714.089508","    1610.442723","    1558.225266","    1551.094451","    1546.441563","    1450.188794","    1452.922764","    1422.316371","    1459.067510","    1431.212946","    1377.497276","   54395.956993"
"KERN","Total","   15942.395088","   18500.428950","   16529.714465","   15169.859754","   14294.683163","   15023.453430","   16675.353123","   15953.156613","   14955.470033","   14443.164196","   15450.285867","   17243.260118","   16450.994243","   14947.222957","   16527.784097","   14923.174603","   14281.391723","   12701.958247","   11433.867739","   11360.621654","    9417.689169","   11385.401280","   10637.336804","    9284.547817","   10875.987515","    9894.918069","   10620.805116","   10451.791178","   13460.108442","  398836.825453"
"KINGS","Non-Residential","    1400.775576","    1139.491405","    1426.210327","    1407.977955","    1440.624966","    1414.018348","    1311.780468","    1069.363718","    1104.854984","    1221.357340","    1137.444539","    1076.674865","    1031.794557","     984.742764","    1008.936974","     763.557326","     688.776033","     640.814277","     643.209937","     693.797213","     674.310508","     731.746107","     690.887686","     662.551733","     769.032434","     657.159263","     787.960918","     785.165653","     739.232692","   28104.250566"
"KINGS","Residential","     385.064870","     388.117259","     365.334662","     368.152945","     376.954514","     371.396890","     368.914891","     354.431955","     348.665297","     364.923953","     358.906996","     346.838550","     355.592547","     330.224385","     326.284498","     313.904631","     291.769429","     283.642892","     291.393185","     273.951361","     265.431352","     265.212348","     261.264399","     243.132359","     241.366747","     232.703312","     233.932851","     231.619948","     224.178059","    9063.307085"
"KINGS","Total","    1785.840446","    1527.608664","    1791.544989","    1776.130901","    1817.579480","    1785.415238","    1680.695359","    1423.795672","    1453.520281","    1586.281294","    1496.351535","    1423.513415","    1387.387104","    1314.967150","    1335.221472","    1077.461956","     980.545463","     924.457169","     934.603122","     967.748574","     939.741860","     996.958456","     952.152085","     905.684092","    1010.399181","     889.862575","    1021.893769","    1016.785601","     963.410751","   37167.557654"
"LAKE","Non-Residential","     162.317504","     169.044340","     158.761639","     154.671796","     155.889511","     167.398119","     163.889304","     161.169835","     159.379856","     163.180679","     170.782145","     169.708926","     384.035252","     365.083572","     286.985726","     291.990010","     217.751838","     209.266120","     180.258255","     173.989681","     156.119496","     148.937179","     171.257726","     247.448888","     245.169344","     236.455026","     251.022780","     250.992468","     236.340739","    6009.297754"
"LAKE","Residential","     280.210793","     295.650605","     282.515074","     276.406893","     285.517511","     302.440947","     302.247964","     298.350237","     294.508814","     289.335412","     284.677643","     275.057731","     269.067339","     259.079053","     256.934903","     243.787239","     244.755577","     237.521325","     243.297772","     243.110519","     238.969509","     221.693369","     226.495337","     215.371804","     220.759978","     222.324330","     215.200739","     222.194828","     215.462829","    7462.946074"
"LAKE","Total","     442.528296","     464.694944","     441.276713","     431.078689","     441.407022","     469.839066","     466.137268","     459.520073","     453.888670","     452.516091","     455.459788","     444.766658","     653.102591","     624.162625","     543.920629","     535.777249","     462.507415","     446.787446","     423.556028","     417.100199","     395.089005","     370.630548","     397.753063","     462.820692","     465.929322","     458.779355","     466.223519","     473.187296","     451.803569","   13472.243829"
"LASSEN","Non-Residential","     309.202996","     283.515866","     357.583841","     305.774430","     337.761333","     321.573529","     307.935754","     298.067041","     281.120498","     285.805885","     157.543524","     149.038617","     184.401874","     184.685297","     189.128716","     162.227310","     159.274479","     161.797258","     135.133659","     133.465972","     124.821803","     129.457224","     128.569178","     102.402482","     115.048709","      73.210790","      78.849461","      99.889135","      96.656060","    5653.942721"
"LASSEN","Residential","     100.540875","     102.100052","      99.557021","      94.823925","      94.188136","     104.372640","     102.255359","     103.659073","     104.821915","     106.525141","     107.036253","     104.110912","     106.142579","     105.254849","     102.440584","      99.290481","      97.276737","      94.630059","     103.681384","     102.022026","     101.049643","      97.219052","      95.941076","      94.504263","      95.123652","      75.845378","      71.091236","      93.796861","      87.300980","    2846.602142"
"LASSEN","Total","     409.743871","     385.615919","     457.140862","     400.598356","     431.949469","     425.946169","     410.191113","     401.726113","     385.942412","     392.331026","     264.579778","     253.149530","     290.544454","     289.940146","     291.569300","     261.517791","     256.551216","     256.427317","     238.815043","     235.487998","     225.871446","     226.676276","     224.510254","     196.906744","     210.172361","     149.056168","     149.940696","     193.685996","     183.957040","    8500.544864"
"LOS ANGELES","Non-Residential","   47441.213221","   48029.979504","   49118.518074","   49129.938270","   49193.414617","   47746.272756","   48192.630284","   48139.854527","   48545.878362","   49370.754572","   50976.723147","   50727.100895","   50560.894766","   50281.715993","   49707.008004","   49458.881933","   49793.485273","   51530.937463","   50550.423741","   49046.211390","   48469.758618","   48283.623924","   47856.750206","   45640.464246","   46714.161197","   46439.952047","   46894.399047","   46402.250263","   47785.455965"," 1412028.652305"
"LOS ANGELES","Residential","   21044.973883","   21161.883154","   20330.149542","   20471.807121","   20752.656423","   20620.155129","   21082.236292","   20069.358771","   19726.423728","   20594.680058","   21118.100890","   20537.017828","   20378.137996","   19711.894073","   19507.886690","   19056.852284","   17917.928809","   18212.698665","   18891.733869","   17665.183612","   17234.648178","   17578.672243","   16322.056869","   16823.635934","   16065.583395","   15759.083038","   16377.794989","   16310.884065","   16960.720058","  548284.837586"
"LOS ANGELES","Total","   68486.187103","   69191.862658","   69448.667616","   69601.745392","   69946.071041","   68366.427885","   69274.866576","   68209.213298","   68272.302089","   69965.434630","   72094.824036","   71264.118723","   70939.032762","   69993.610067","   69214.894694","   68515.734217","   67711.414082","   69743.636128","   69442.157609","   66711.395002","   65704.406795","   65862.296167","   64178.807075","   62464.100181","   62779.744592","   62199.035085","   63272.194036","   62713.134329","   64746.176022"," 1960313.489890"
"MADERA","Non-Residential","    1235.398393","    1162.564539","    1173.730511","    1277.849730","    1238.300843","    1147.972250","    1099.580627","     971.557485","     969.799908","    1020.169297","    1008.883639","     963.521122","     790.018482","     769.200732","     816.721766","     732.581370","     792.924523","     781.519181","     770.836849","     788.578894","     695.494234","     759.050317","     727.825825","     683.532230","     738.283857","     679.458503","     695.604976","     642.832938","     631.454470","   25765.247491"
"MADERA","Residential","     430.174209","     439.972641","     421.339277","     421.333410","     425.870483","     429.739912","     430.573951","     415.392697","     408.542668","     415.226277","     411.179218","     408.064610","     399.850532","     381.311175","     373.243051","     361.715230","     336.194714","     324.827349","     339.673139","     333.075387","     321.720353","     311.941573","     309.062289","     290.707813","     286.221168","     279.636988","     278.816591","     274.482487","     262.454632","   10522.343824"
"MADERA","Total","    1665.572602","    1602.537180","    1595.069788","    1699.183139","    1664.171326","    1577.712162","    1530.154577","    1386.950182","    1378.342576","    1435.395574","    1420.062857","    1371.585732","    1189.869015","    1150.511907","    1189.964817","    1094.296599","    1129.119237","    1106.346530","    1110.509989","    1121.654281","    1017.214588","    1070.991890","    1036.888114","     974.240043","    1024.505025","     959.095491","     974.421567","     917.315425","     893.909102","   36287.591315"
"MARIN","Non-Residential","     680.105725","     724.543372","     689.689438","     701.612393","     701.843583","     711.054694","     701.016599","     707.516974","     724.084848","     753.590865","     761.603010","     742.560372","     723.039457","     714.385071","     741.026030","     724.285949","     763.926389","     733.627606","     789.230977","     742.569359","     713.794488","     737.830002","     703.303158","     687.441333","     687.312474","     694.873997","     685.006788","     642.907839","     658.488510","   20742.271300"
"MARIN","Residential","     649.081843","     660.364610","     653.070849","     653.265528","     653.434023","     684.917198","     689.884273","     702.366977","     702.841080","     708.287373","     704.375373","     704.555416","     705.118701","     689.811537","     687.877894","     660.732058","     659.878708","     638.338756","     701.179536","     701.986992","     679.985104","     650.725465","     641.424276","     632.300683","     615.883459","     619.375851","     597.767275","     607.809672","     602.554328","   19259.194838"
"MARIN","Total","    1329.187568","    1384.907982","    1342.760287","    1354.877922","    1355.277606","    1395.971892","    1390.900872","    1409.883951","    1426.925928","    1461.878238","    1465.978383","    1447.115788","    1428.158158","    1404.196608","    1428.903924","    1385.018007","    1423.805097","    1371.966363","    1490.410514","    1444.556351","    1393.779592","    1388.555466","    1344.727434","    1319.742016","    1303.195933","    1314.249848","    1282.774063","    1250.717511","    1261.042838","   40001.466140"
"MARIPOSA","Non-Residential","      43.947123","      40.581794","      38.926120","      39.307825","      41.324392","      41.643963","      40.820775","      39.031094","      39.757618","      47.318097","      58.134492","      55.162354","      38.474396","      36.165623","      38.479444","      40.124197","      41.911909","      43.139677","      42.424848","      58.972474","      59.810070","      58.239298","      57.650984","      55.868506","      57.081462","      49.757088","      53.678620","      55.506242","      48.887640","    1362.128125"
"MARIPOSA","Residential","      69.125082","      71.144581","      69.065553","      67.609430","      68.640691","      71.816597","      72.384377","      71.899028","      72.567127","      72.861885","      73.078004","      72.471608","      69.983501","      67.413264","      67.784376","      65.009402","      62.777007","      61.524207","      64.733698","      65.123574","      63.805344","      60.825895","      60.508737","      58.417654","      56.751586","      55.775800","      54.215393","      55.541087","      53.734453","    1896.588941"
"MARIPOSA","Total","     113.072205","     111.726375","     107.991673","     106.917256","     109.965083","     113.460560","     113.205152","     110.930121","     112.324745","     120.179982","     131.212496","     127.633961","     108.457897","     103.578888","     106.263820","     105.133598","     104.688916","     104.663885","     107.158546","     124.096049","     123.615414","     119.065193","     118.159721","     114.286160","     113.833048","     105.532888","     107.894014","     111.047330","     102.622092","    3258.717068"
"MENDOCINO","Non-Residential","     277.748034","     282.221848","     279.609640","     273.749144","     269.515387","     269.418120","     269.319601","     266.736656","     261.061170","     262.310492","     279.166031","     283.286790","     397.165962","     406.565017","     287.497035","     279.753300","     296.013661","     309.193050","     358.343057","     356.354425","     317.792238","     360.999696","     343.145685","     325.062839","     329.924308","     333.750328","     326.565952","     311.806066","     337.309060","    8951.384592"
"MENDOCINO","Residential","     289.692501","     305.907701","     300.893534","     294.172808","     295.433059","     324.654025","     333.350749","     337.505440","     340.030182","     340.437699","     338.778170","     331.108021","     314.159273","     295.527969","     285.009445","     265.381675","     264.181162","     256.306565","     279.372703","     271.097254","     259.865243","     249.428718","     253.175540","     235.357224","     240.739424","     243.797244","     239.200107","     249.050097","     248.238280","    8281.851812"
"MENDOCINO","Total","     567.440535","     588.129549","     580.503174","     567.921952","     564.948446","     594.072145","     602.670350","     604.242096","     601.091353","     602.748191","     617.944201","     614.394812","     711.325235","     702.092987","     572.506480","     545.134975","     560.194823","     565.499616","     637.715760","     627.451679","     577.657480","     610.428414","     596.321226","     560.420063","     570.663732","     577.547572","     565.766058","     560.856163","     585.547341","   17233.236408"
"MERCED","Non-Residential","    2853.981272","    3241.519671","    2769.552926","    2222.147168","    2307.423763","    2363.376237","    2604.448820","    2983.156777","    2739.747254","    2066.361868","    2056.047365","    3010.018533","    2154.070825","    2275.393874","    2470.246335","    2264.325693","    2388.289927","    2265.793743","    2326.722409","    2719.787749","    1891.781747","    2239.912634","    2259.405903","    2082.363487","    1684.929839","    2338.478400","    1728.999635","    1630.122838","    1891.488283","   67829.894975"
"MERCED","Residential","     713.735030","     737.960161","     702.848973","     706.260171","     718.838588","     697.654027","     703.847811","     676.883289","     657.882252","     676.713937","     668.964374","     657.953164","     654.580690","     620.884598","     612.594310","     593.033773","     562.797184","     539.405968","     555.908097","     536.279291","     519.539331","     509.773267","     502.477454","     475.984955","     471.520428","     464.213059","     414.612266","     410.238408","     445.584211","   17208.969067"
"MERCED","Total","    3567.716303","    3979.479833","    3472.401900","    2928.407339","    3026.262351","    3061.030264","    3308.296631","    3660.040066","    3397.629506","    2743.075804","    2725.011739","    3667.971697","    2808.651515","    2896.278472","    3082.840645","    2857.359467","    2951.087111","    2805.199711","    2882.630506","    3256.067040","    2411.321078","    2749.685901","    2761.883357","    2558.348443","    2156.450267","    2802.691459","    2143.611901","    2040.361245","    2337.072494","   85038.864045"
"MODOC","Non-Residential","      91.214826","      92.909994","      95.052513","     110.235143","     114.232138","     107.906257","     106.391512","      87.847398","      93.720650","      97.662771","      97.814449","      87.753975","     101.258056","      95.925456","      95.225146","     112.642497","     106.295988","     108.410231","     109.576587","     109.597951","      84.428478","     107.788858","     111.510432","      83.522654","      88.038808","      97.560813","     109.085654","      73.770641","      89.335467","    2866.715343"
"MODOC","Residential","      57.040549","      59.283970","      56.581161","      54.069319","      53.422913","      61.008204","      57.447446","      61.363255","      60.279271","      61.354571","      63.026113","      58.710808","      59.044041","      57.577305","      56.453333","      56.767659","      55.363948","      53.733110","      55.575865","      56.781566","      58.079964","      56.802300","      64.699111","      53.878076","      55.755366","      58.621914","      53.699222","      54.603130","      50.605452","    1661.628942"
"MODOC","Total","     148.255375","     152.193964","     151.633674","     164.304461","     167.655050","     168.914461","     163.838958","     149.210652","     153.999921","     159.017342","     160.840561","     146.464782","     160.302097","     153.502761","     151.678479","     169.410156","     161.659936","     162.143341","     165.152453","     166.379517","     142.508443","     164.591158","     176.209543","     137.400730","     143.794174","     156.182727","     162.784875","     128.373771","     139.940919","    4528.344281"
"MONO","Non-Residential","     111.908319","     109.454664","     107.246689","     111.482643","     103.900096","     105.545029","     103.224998","     109.001532","     106.848829","     108.674520","     107.159110","      87.818503","      91.089757","     100.751826","     102.595539","      75.240664","      59.018998","      50.321903","      54.999755","      68.118334","      97.356463","      99.165710","      89.163471","      83.781057","      84.122684","      80.989146","      80.400407","     100.264493","      74.302017","    2663.947156"
"MONO","Residential","      88.036095","      93.967869","      84.789601","      78.857738","      87.621735","      98.825775","      93.682820","      95.687219","      94.325758","      91.016854","      92.557170","      97.762652","      83.816991","      94.855351","      92.488524","      88.224525","      86.710240","      86.208509","      91.895434","      84.916159","      88.989198","      81.892419","      81.123803","      81.678987","      85.462068","      85.942805","      81.819393","      84.602740","      85.017504","    2562.775936"
"MONO","Total","     199.944413","     203.422533","     192.036290","     190.340381","     191.521831","     204.370804","     196.907819","     204.688751","     201.174586","     199.691374","     199.716280","     185.581155","     174.906748","     195.607177","     195.084062","     163.465190","     145.729238","     136.530412","     146.895189","     153.034493","     186.345661","     181.058130","     170.287274","     165.460044","     169.584752","     166.931950","     162.219800","     184.867233","     159.319521","    5226.723091"
"MONTEREY","Non-Residential","    1826.095547","    1902.386485","    1897.962615","    1989.350631","    1933.604818","    1911.217631","    1828.075467","    1842.787007","    1840.698041","    1873.223957","    1892.905365","    1848.173026","    1830.422439","    1840.715315","    1894.950076","    1892.444533","    1873.372052","    1812.827063","    1781.440093","    1760.429573","    1595.639687","    1697.108583","    1611.814796","    1653.139144","    1469.483303","    1580.229134","    1603.913014","    1554.741172","    1514.250912","   51553.401479"
"MONTEREY","Residential","     683.100426","     684.941097","     688.808586","     684.295335","     687.104850","     724.630499","     730.595548","     733.889804","     733.819905","     730.734487","     731.049577","     741.440229","     728.511406","     715.499783","     724.979024","     707.434854","     693.574480","     684.048359","     721.000129","     724.200979","     680.139440","     654.768601","     634.604678","     623.044510","     622.894636","     622.102410","     606.054357","     630.038290","     607.814014","   19935.120293"
"MONTEREY","Total","    2509.195974","    2587.327582","    2586.771201","    2673.645967","    2620.709668","    2635.848130","    2558.671016","    2576.676811","    2574.517946","    2603.958444","    2623.954943","    2589.613255","    2558.933846","    2556.215098","    2619.929101","    2599.879386","    2566.946532","    2496.875422","    2502.440222","    2484.630552","    2275.779127","    2351.877184","    2246.419474","    2276.183654","    2092.377939","    2202.331544","    2209.967371","    2184.779462","    2122.064926","   71488.521777"
"NAPA","Non-Residential","     673.918436","     690.193164","     696.362524","     691.179277","     683.101937","     680.307068","     665.472111","     659.880150","     646.776211","     645.862836","     662.636468","     635.076077","     607.081417","     579.346775","     574.246732","     562.860885","     559.301911","     541.224467","     589.338139","     576.702656","     527.427374","     515.703696","     480.131149","     401.247512","     384.679955","     387.312787","     387.647524","     355.505993","     340.993524","   16401.518755"
"NAPA","Residential","     360.684502","     370.667312","     361.181776","     362.093099","     364.036103","     374.211795","     373.366690","     373.678414","     375.553895","     380.475078","     378.102685","     376.919394","     386.230107","     370.132206","     363.322856","     354.902745","     340.524576","     325.814043","     349.181904","     345.183429","     334.232799","     324.283076","     316.359661","     305.372795","     296.203358","     305.106743","     297.002241","     291.156241","     290.617800","   10046.597323"
"NAPA","Total","    1034.602938","    1060.860476","    1057.544300","    1053.272377","    1047.138040","    1054.518862","    1038.838800","    1033.558564","    1022.330107","    1026.337914","    1040.739153","    1011.995471","     993.311524","     949.478981","     937.569588","     917.763629","     899.826487","     867.038511","     938.520044","     921.886085","     861.660172","     839.986772","     796.490810","     706.620307","     680.883313","     692.419529","     684.649765","     646.662233","     631.611324","   26448.116076"
"NEVADA","Non-Residential","     269.023302","     271.455549","     227.135919","     221.408570","     226.738695","     233.601706","     234.977409","     232.475677","     229.996087","     235.769141","     246.159393","     241.090907","     237.717998","     229.232288","     226.691147","     216.490542","     232.937164","     217.907853","     210.455082","     199.593036","     190.429945","     187.668006","     183.238258","     180.879104","     184.183506","     174.501724","     169.326351","     177.976796","     168.095680","    6257.156835"
"NEVADA","Residential","     447.415873","     471.825704","     433.918557","     406.458242","     408.017768","     423.537883","     426.439191","     426.577044","     425.466235","     424.500583","     421.317639","     413.988501","     411.611799","     397.552129","     398.262620","     378.588245","     379.075584","     363.307011","     378.191334","     371.637505","     367.302180","     342.280112","     339.726176","     327.047146","     328.218954","     323.128959","     313.971178","     322.435572","     313.879857","   11185.679581"
"NEVADA","Total","     716.439176","     743.281252","     661.054476","     627.866812","     634.756463","     657.139589","     661.416600","     659.052721","     655.462322","     660.269724","     667.477033","     655.079407","     649.329797","     626.784417","     624.953767","     595.078787","     612.012748","     581.214864","     588.646416","     571.230541","     557.732125","     529.948118","     522.964434","     507.926251","     512.402460","     497.630683","     483.297529","     500.412367","     481.975536","   17442.836415"
"ORANGE","Non-Residential","   13161.211601","   13332.827454","   13479.185717","   13799.566708","   13721.281656","   13451.423625","   13342.660271","   13236.944652","   13207.622878","   13769.463503","   14406.539691","   14262.600659","   14474.519887","   13972.309125","   13808.764412","   13330.655852","   12972.862093","   12067.009850","   13664.015341","   13155.721813","   13372.669736","   12661.099803","   12112.304626","   11656.086826","   11826.944098","   11424.509039","   11898.539566","   11467.556333","   11638.669690","  378675.566505"
"ORANGE","Residential","    7035.763296","    6977.074253","    6660.559695","    6875.759330","    7027.539817","    6842.062179","    7074.021243","    6696.172403","    6611.917293","    6917.070115","    7138.559207","    6867.750651","    6851.103743","    6717.035444","    6570.917474","    6257.849759","    5827.493490","    5382.150911","    6127.118532","    5623.840688","    5621.242570","    5618.106033","    5379.004756","    5213.918803","    5240.123656","    4981.644616","    5279.743819","    4939.626626","    5026.082087","  179381.252489"
"ORANGE","Total","   20196.974897","   20309.901707","   20139.745412","   20675.326038","   20748.821474","   20293.485804","   20416.681514","   19933.117055","   19819.540172","   20686.533618","   21545.098898","   21130.351310","   21325.623630","   20689.344569","   20379.681886","   19588.505611","   18800.355584","   17449.160762","   19791.133873","   18779.562501","   18993.912306","   18279.205836","   17491.309382","   16870.005630","   17067.067755","   16406.153655","   17178.283386","   16407.182959","   16664.751776","  558056.819000"
"PLACER","Non-Residential","    1495.613543","    1504.775808","    1536.053019","    1529.567565","    1546.175447","    1514.314695","    1526.624368","    1542.778196","    1550.784425","    1584.539092","    1659.792728","    1678.212251","    1501.618425","    1433.111588","    1497.078515","    1412.925376","    1381.381364","    1327.111306","    1376.407342","    1286.767417","    1250.236607","    1090.630876","    1005.476406","    1100.779736","    1047.770976","     940.681023","     875.658819","     894.157680","     811.561607","   38902.586200"
"PLACER","Residential","    1414.502822","    1468.406464","    1402.455219","    1365.818731","    1371.385081","    1367.259355","    1385.039520","    1351.899060","    1334.987270","    1368.091646","    1361.152214","    1327.189693","    1334.732220","    1262.960999","    1215.669029","    1145.232284","    1055.041359","     979.288968","     976.127544","     928.231203","     878.625859","     844.243780","     823.587286","     757.250491","     746.608507","     728.522643","     711.086467","     702.322530","     680.960940","   32288.679184"
"PLACER","Total","    2910.116365","    2973.182272","    2938.508238","    2895.386296","    2917.560528","    2881.574050","    2911.663889","    2894.677256","    2885.771695","    2952.630737","    3020.944942","    3005.401944","    2836.350645","    2696.072586","    2712.747544","    2558.157660","    2436.422724","    2306.400275","    2352.534885","    2214.998620","    2128.862466","    1934.874656","    1829.063692","    1858.030227","    1794.379483","    1669.203666","    1586.745287","    1596.480209","    1492.522547","   71191.265384"
"PLUMAS","Non-Residential","     112.078464","     101.767573","     105.365753","     102.865183","     102.361696","     110.594476","     126.445156","     117.916128","      97.832337","      99.007547","     114.161422","     112.369117","     120.319707","      91.418440","      92.954336","      99.285165","     122.358360","      93.942997","     109.122884","     107.084288","      98.083331","     127.510747","      93.073449","      74.688464","      62.895411","     112.012157","     113.822446","      94.313437","      90.131612","    3005.782083"
"PLUMAS","Residential","      93.456942","      98.847417","      97.073836","      91.395498","      98.527385","     101.517911","      97.831194","     101.476186","     102.119736","     103.351370","     103.643092","     103.579684","     103.455291","     102.518722","     101.288168","      96.163155","      96.900046","      92.753055","      92.930694","      94.676095","      93.749315","      90.033386","      88.417064","      86.200226","      88.051175","     116.951203","     107.747799","      89.257865","      88.269715","    2822.183225"
"PLUMAS","Total","     205.535407","     200.614990","     202.439589","     194.260681","     200.889081","     212.112387","     224.276350","     219.392314","     199.952073","     202.358917","     217.804514","     215.948801","     223.774998","     193.937162","     194.242504","     195.448320","     219.258406","     186.696052","     202.053578","     201.760383","     191.832645","     217.544133","     181.490513","     160.888690","     150.946586","     228.963360","     221.570245","     183.571302","     178.401327","    5827.965308"
"RIVERSIDE","Non-Residential","    8295.965387","    8276.552887","    8274.151076","    8195.948845","    8774.639956","    8537.363939","    8612.578343","    7838.386027","    7727.855456","    7906.912973","    8327.566932","    8239.190522","    8255.029738","    7807.736576","    7639.761613","    7236.230474","    6615.841827","    5690.433379","    6715.186913","    6120.364968","    5555.566541","    5515.290200","    5288.298823","    5077.613653","    4985.909108","    3644.313015","    3585.513747","    3517.401920","    3382.802759","  195640.407597"
"RIVERSIDE","Residential","    7960.740053","    7882.366816","    7196.655488","    7090.413146","    6776.627939","    6606.599319","    6675.290978","    6579.905887","    6336.530698","    6606.966602","    6772.741496","    6683.145526","    6903.024938","    5392.832655","    5019.323619","    5469.544420","    4833.109536","    4682.646008","    4908.414849","    4631.336942","    4405.222929","    4324.404946","    4263.842855","    4060.422590","    4026.994776","    3525.509250","    3625.502620","    3387.375972","    3381.206731","  160008.699584"
"RIVERSIDE","Total","   16256.705441","   16158.919703","   15470.806564","   15286.361991","   15551.267895","   15143.963258","   15287.869321","   14418.291915","   14064.386155","   14513.879575","   15100.308428","   14922.336048","   15158.054676","   13200.569231","   12659.085232","   12705.774894","   11448.951363","   10373.079386","   11623.601762","   10751.701910","    9960.789470","    9839.695146","    9552.141678","    9138.036243","    9012.903884","    7169.822266","    7211.016367","    6904.777892","    6764.009490","  355649.107184"
"SACRAMENTO","Non-Residential","    6183.662377","    6237.463959","    6055.674434","    6188.144476","    6258.537182","    6131.164391","    6118.579838","    6108.526263","    6188.895407","    6263.720876","    6397.905676","    6424.637105","    6245.737350","    6139.143708","    5921.959591","    5667.032973","    5464.561228","    5519.164877","    5595.261838","    5566.800028","    5294.726438","    5276.354037","    5166.812166","    5025.357340","    4930.242239","    4932.112972","    4936.370966","    4779.498052","    4784.024951","  165802.072738"
"SACRAMENTO","Residential","    4713.027288","    5159.476989","    4794.486673","    4738.564168","    4736.128873","    4696.630528","    4694.003209","    4641.834529","    4535.317684","    4733.907101","    4712.417028","    4651.136870","    4762.801421","    4577.200189","    4424.082572","    4380.257286","    4104.030415","    4035.378869","    4142.162270","    3959.527194","    3984.367048","    3838.125542","    3866.292248","    3581.739101","    3695.087158","    3650.251927","    3634.603537","    3617.630125","    3625.074714","  124685.542556"
"SACRAMENTO","Total","   10896.689665","   11396.940948","   10850.161106","   10926.708643","   10994.666055","   10827.794919","   10812.583047","   10750.360792","   10724.213092","   10997.627977","   11110.322704","   11075.773975","   11008.538771","   10716.343897","   10346.042163","   10047.290259","    9568.591643","    9554.543746","    9737.424108","    9526.327223","    9279.093486","    9114.479579","    9033.104414","    8607.096441","    8625.329396","    8582.364899","    8570.974504","    8397.128177","    8409.099665","  290487.615294"
"SAN BENITO","Non-Residential","     256.294044","     254.772756","     262.422205","     249.320035","     240.410467","     237.904713","     214.973703","     199.141554","     191.977015","     198.602440","     198.347721","     203.553603","     199.058625","     188.987154","     194.409689","     184.001869","     204.730751","     211.088498","     181.392988","     172.421522","     149.660472","     145.933233","     129.076847","     122.863609","     117.801586","     110.459338","     115.927845","     117.265477","     117.686238","    5370.485997"
"SAN BENITO","Residential","     124.535133","     123.998455","     119.136813","     118.085033","     115.570436","     119.585348","     117.693532","     116.184779","     116.580686","     117.324686","     117.408193","     119.163344","     118.434274","     115.968163","     117.402202","     114.345084","     111.079190","     105.787621","     109.683622","     104.496704","      96.909419","      90.384096","      85.048890","      78.643154","      77.687541","      75.114599","      71.536465","      71.635891","      70.136148","    3039.559501"
"SAN BENITO","Total","     380.829177","     378.771211","     381.559018","     367.405068","     355.980904","     357.490061","     332.667235","     315.326333","     308.557701","     315.927126","     315.755914","     322.716947","     317.492898","     304.955317","     311.811891","     298.346954","     315.809941","     316.876119","     291.076611","     276.918225","     246.569891","     236.317328","     214.125736","     201.506763","     195.489127","     185.573936","     187.464310","     188.901368","     187.822386","    8410.045496"
"SAN BERNARDINO","Non-Residential","   10189.923519","   10079.280332","    9972.705757","    9826.231162","    9998.887200","    9696.955604","    9592.024223","    9026.492820","    8893.797372","    9001.940787","    9911.564284","   10034.681590","    9671.923206","    9482.558355","    9302.005917","    8917.325065","    8840.954832","    7459.477865","    8900.854263","    8516.217799","    7990.185134","    8019.968265","    7806.496386","    7394.569033","    7319.223434","    8013.122668","    7875.345290","    7803.898068","    7622.695015","  257161.305245"
"SAN BERNARDINO","Residential","    5443.731723","    5409.197320","    4997.544199","    4953.489541","    4766.204869","    4688.605328","    4772.747052","    4717.853366","    4601.192617","    4797.692948","    4913.978699","    4785.970697","    4977.816006","    5242.335043","    5044.930376","    4251.328703","    3817.874281","    3717.467488","    3950.516820","    3631.995066","    3627.311783","    3553.100913","    3548.364224","    3429.884601","    3411.102400","    3797.836492","    3964.319884","    3773.015371","    3825.313313","  126412.721123"
"SAN BERNARDINO","Total","   15633.655242","   15488.477652","   14970.249956","   14779.720704","   14765.092069","   14385.560932","   14364.771274","   13744.346186","   13494.989989","   13799.633735","   14825.542983","   14820.652287","   14649.739212","   14724.893398","   14346.936292","   13168.653768","   12658.829113","   11176.945354","   12851.371083","   12148.212866","   11617.496917","   11573.069178","   11354.860610","   10824.453634","   10730.325833","   11810.959160","   11839.665174","   11576.913439","   11448.008328","  383574.026368"
"SAN DIEGO","Non-Residential","   12856.669866","   12783.506492","   12945.404237","   13025.591393","   13132.732681","   12872.796039","   12724.022552","   12428.524430","   12491.697640","   12778.020807","   13079.069591","   12903.198832","   12709.476120","   12337.101119","   12113.340687","   11278.704394","   10714.966792","   10293.289396","   10526.301141","    9891.846737","   10681.475816","   10448.987797","    9974.153779","    9684.324895","    9515.269448","    9358.911157","    9381.170895","    8889.759161","    9191.153807","  331011.467701"
"SAN DIEGO","Residential","    6942.482091","    6943.212614","    6772.676145","    6883.311679","    6859.133038","    6796.148870","    6902.840388","    6681.917726","    6617.350246","    6781.793216","    6909.270023","    6745.127186","    6713.707434","    6325.460914","    5858.415539","    4820.226181","    4045.959496","    3567.008182","    3537.365305","    3281.042370","    3234.780692","    3131.198735","    3049.085740","    2951.940580","    2954.618508","    2866.353595","    2899.294080","    2762.878511","    2946.400171","  146780.999255"
"SAN DIEGO","Total","   19799.151957","   19726.719107","   19718.080382","   19908.903072","   19991.865719","   19668.944909","   19626.862940","   19110.442156","   19109.047886","   19559.814023","   19988.339613","   19648.326017","   19423.183554","   18662.562033","   17971.756226","   16098.930575","   14760.926288","   13860.297578","   14063.666447","   13172.889107","   13916.256508","   13580.186533","   13023.239518","   12636.265475","   12469.887956","   12225.264753","   12280.464974","   11652.637672","   12137.553979","  477792.466957"
"SAN FRANCISCO","Non-Residential","    4178.247444","    4252.821954","    4294.350306","    4368.426507","    4405.296124","    4383.532168","    4363.372679","    4379.210120","    4238.943617","    4159.904347","    4244.314473","    4157.648779","    3841.772779","    3925.932590","    3699.583615","    3621.305610","    3688.818636","    3660.861684","    3867.509578","    3761.251283","    3463.151673","    3813.168594","    3726.582111","    3691.406219","    3602.846395","    3719.924596","    3702.160654","    3723.247517","    3766.360856","  114701.952908"
"SAN FRANCISCO","Residential","    1462.547442","    1481.530714","    1464.760679","    1437.379610","    1440.433202","    1502.763077","    1512.245494","    1524.582029","    1518.374937","    1501.387452","    1484.332562","    1467.618951","    1491.207341","    1444.507747","    1381.327792","    1363.835670","    1365.841193","    1345.679951","    1414.793006","    1431.177195","    1355.940433","    1315.521931","    1273.247416","    1280.021070","    1257.328920","    1252.797683","    1210.064743","    1244.609201","    1218.100550","   40443.957991"
"SAN FRANCISCO","Total","    5640.794886","    5734.352668","    5759.110985","    5805.806116","    5845.729327","    5886.295245","    5875.618173","    5903.792149","    5757.318554","    5661.291799","    5728.647035","    5625.267730","    5332.980120","    5370.440337","    5080.911407","    4985.141279","    5054.659828","    5006.541635","    5282.302584","    5192.428477","    4819.092106","    5128.690525","    4999.829527","    4971.427289","    4860.175315","    4972.722279","    4912.225398","    4967.856718","    4984.461406","  155145.910897"
"SAN JOAQUIN","Non-Residential","    3842.802370","    3767.711646","    3697.903004","    3421.351786","    3471.694972","    3809.730169","    3601.522924","    3565.665668","    3516.535728","    3595.868407","    3611.973165","    3746.881776","    4066.657127","    4080.867149","    3771.158018","    3336.350217","    3730.535553","    3691.197841","    3705.425869","    3979.816319","    3156.378902","    3421.275996","    3230.227494","    3176.225711","    2805.198454","    3054.934476","    2615.097310","    2487.063215","    2708.257709","  100666.308975"
"SAN JOAQUIN","Residential","    1816.394980","    1867.977902","    1758.859069","    1745.357156","    1764.035814","    1739.086165","    1752.000568","    1706.536443","    1683.746816","    1725.985626","    1706.341283","    1700.393518","    1715.359398","    1652.015153","    1631.761976","    1575.178266","    1474.092129","    1410.469520","    1461.401639","    1381.496931","    1359.676681","    1320.510486","    1309.102617","    1213.722881","    1193.755366","    1202.847795","    1202.711990","    1183.308681","    1160.007393","   44414.134242"
"SAN JOAQUIN","Total","    5659.197350","    5635.689548","    5456.762073","    5166.708942","    5235.730786","    5548.816334","    5353.523492","    5272.202111","    5200.282544","    5321.854033","    5318.314448","    5447.275294","    5782.016525","    5732.882302","    5402.919995","    4911.528483","    5204.627682","    5101.667361","    5166.827508","    5361.313250","    4516.055583","    4741.786482","    4539.330111","    4389.948592","    3998.953820","    4257.782271","    3817.809301","    3670.371896","    3868.265102","  145080.443219"
"SAN LUIS OBISPO","Non-Residential","    1131.701773","    1120.538058","    1101.186311","    1077.679484","    1094.097144","    1105.958542","    1059.911394","    1027.309928","    1011.283298","    1034.466537","    1063.937150","    1091.993486","     918.243774","     929.581663","     958.669498","     936.444450","     921.334470","     858.616927","     824.821918","     790.899097","     718.320353","     740.111989","     702.766534","     677.441091","     670.953133","     661.732919","     635.577120","     629.116365","     659.252135","   26153.946541"
"SAN LUIS OBISPO","Residential","     644.755402","     652.719072","     637.356382","     634.625454","     631.738560","     660.463760","     664.844718","     656.047929","     657.232496","     668.361319","     673.147331","     671.528441","     682.453342","     651.305902","     636.975261","     624.945118","     542.101828","     625.838371","     599.993149","     586.129341","     561.132622","     538.657641","     524.969428","     505.762762","     493.122675","     493.668203","     483.462830","     493.915381","     487.020224","   17384.274942"
"SAN LUIS OBISPO","Total","    1776.457175","    1773.257129","    1738.542693","    1712.304938","    1725.835703","    1766.422303","    1724.756112","    1683.357857","    1668.515794","    1702.827856","    1737.084481","    1763.521928","    1600.697116","    1580.887565","    1595.644758","    1561.389568","    1463.436298","    1484.455298","    1424.815066","    1377.028438","    1279.452976","    1278.769631","    1227.735962","    1183.203853","    1164.075808","    1155.401121","    1119.039951","    1123.031746","    1146.272359","   43538.221483"
"SAN MATEO","Non-Residential","    2744.464394","    2830.852943","    2839.652020","    2926.261661","    2947.008609","    2954.663480","    2923.718956","    2966.979548","    3150.200590","    3357.319427","    3463.877372","    3408.512661","    3074.769251","    2976.538923","    3217.449237","    3098.690347","    2701.638867","    2754.707928","    3222.079990","    2991.725355","    2899.264542","    2872.936277","    2674.765973","    2608.135044","    2530.109789","    2539.764883","    2536.052160","    2489.600546","    2574.698985","   84276.439758"
"SAN MATEO","Residential","    1510.175756","    1523.215025","    1499.876504","    1505.671732","    1505.371839","    1572.203026","    1584.478299","    1603.923537","    1616.648647","    1613.655465","    1612.220082","    1592.728399","    1597.397540","    1568.381758","    1545.884184","    1514.356663","    1513.523864","    1475.305562","    1586.787658","    1591.065725","    1534.500914","    1483.444353","    1445.210949","    1413.561677","    1412.081315","    1415.799756","    1371.915575","    1400.528192","    1392.880024","   44002.794020"
"SAN MATEO","Total","    4254.640150","    4354.067968","    4339.528523","    4431.933393","    4452.380447","    4526.866506","    4508.197255","    4570.903085","    4766.849237","    4970.974892","    5076.097454","    5001.241060","    4672.166791","    4544.920681","    4763.333421","    4613.047009","    4215.162731","    4230.013490","    4808.867648","    4582.791081","    4433.765456","    4356.380630","    4119.976922","    4021.696721","    3942.191103","    3955.564639","    3907.967735","    3890.128738","    3967.579009","  128279.233775"
"SANTA BARBARA","Non-Residential","    2054.631152","    2039.725603","    2098.506808","    2344.241121","    2607.655164","    2543.959558","    2428.302295","    2442.340778","    2433.395295","    2431.975284","    2451.355668","    2367.172825","    2415.838449","    2436.464894","    2376.209608","    2222.252215","    2279.403581","    2006.975575","    2092.620618","    1992.942604","    2015.940799","    2077.274361","    1986.347553","    1917.694361","    1894.384525","    1938.830134","    1911.832302","    1861.506123","    1837.226626","   63507.005879"
"SANTA BARBARA","Residential","     777.567635","     782.974317","     759.849738","     766.358133","     805.883676","     832.530971","     837.943344","     801.476135","     802.083483","     809.491403","     815.953529","     813.888189","     773.327901","     807.323722","     789.867410","     773.077847","     742.627969","     736.809167","     773.086004","     737.408782","     719.324185","     706.492920","     682.029493","     672.124025","     670.743134","     662.362487","     655.938051","     659.268904","     647.314279","   21815.126833"
"SANTA BARBARA","Total","    2832.198787","    2822.699920","    2858.356546","    3110.599254","    3413.538840","    3376.490529","    3266.245639","    3243.816912","    3235.478778","    3241.466688","    3267.309197","    3181.061014","    3189.166350","    3243.788616","    3166.077018","    2995.330062","    3022.031550","    2743.784742","    2865.706622","    2730.351386","    2735.264984","    2783.767280","    2668.377046","    2589.818386","    2565.127659","    2601.192621","    2567.770353","    2520.775026","    2484.540905","   85322.132710"
"SANTA CLARA","Non-Residential","   12847.917776","   13057.066484","   13011.752243","   12947.992588","   12820.180246","   12660.119101","   12617.858040","   12626.539799","   12345.293169","   12593.451868","   12778.655246","   12560.951575","   11967.061351","   11681.195084","   11581.914038","   11326.189872","   10889.927003","   11764.429791","   12796.793209","   12643.413767","   12084.279222","   11824.084625","   11096.878568","   10793.102147","   10730.221990","   10852.854026","   10930.359697","   10797.036474","   10912.494255","  347540.013254"
"SANTA CLARA","Residential","    3860.162566","    3967.457317","    3812.264730","    3859.209092","    3852.266765","    3918.749958","    3889.825730","    3926.741398","    3925.833541","    3971.467237","    3954.553447","    3898.825058","    4091.072892","    3884.854034","    3777.564777","    3856.848756","    3631.721159","    3632.532569","    3816.307093","    3773.121223","    3649.258092","    3509.355246","    3408.446035","    3295.025941","    3205.731343","    3240.047942","    3148.037332","    3163.287437","    3137.451293","  107058.020003"
"SANTA CLARA","Total","   16708.080341","   17024.523801","   16824.016972","   16807.201680","   16672.447011","   16578.869059","   16507.683770","   16553.281197","   16271.126710","   16564.919105","   16733.208694","   16459.776633","   16058.134243","   15566.049118","   15359.478815","   15183.038628","   14521.648161","   15396.962360","   16613.100302","   16416.534990","   15733.537314","   15333.439872","   14505.324604","   14088.128088","   13935.953333","   14092.901968","   14078.397029","   13960.323911","   14049.945548","  454598.033257"
"SANTA CRUZ","Non-Residential","     666.633221","     667.518671","     666.900018","     682.647970","     681.047589","     681.837401","     666.379542","     657.989464","     665.517315","     684.817200","     774.088972","     825.547849","     868.326178","     836.648431","     898.049552","     819.459543","     870.386473","     922.188709","     939.241672","     896.800339","     833.453041","     890.031159","     830.886980","     850.132393","     790.806294","     796.784950","     795.291223","     761.519332","     784.942826","   22705.874307"
"SANTA CRUZ","Residential","     545.640645","     554.763323","     557.507305","     551.701187","     557.896788","     594.576974","     599.535615","     602.839133","     603.289120","     594.390480","     585.165016","     584.846594","     567.961206","     563.867798","     570.869368","     544.723266","     542.952346","     545.896740","     599.419284","     589.334066","     564.512191","     542.318643","     528.213716","     518.464139","     514.354866","     515.416561","     498.169490","     510.493279","     502.601156","   16151.720295"
"SANTA CRUZ","Total","    1212.273866","    1222.281994","    1224.407323","    1234.349158","    1238.944377","    1276.414375","    1265.915157","    1260.828598","    1268.806435","    1279.207680","    1359.253989","    1410.394443","    1436.287384","    1400.516229","    1468.918920","    1364.182809","    1413.338819","    1468.085449","    1538.660956","    1486.134405","    1397.965232","    1432.349802","    1359.100696","    1368.596532","    1305.161159","    1312.201511","    1293.460713","    1272.012610","    1287.543982","   38857.594603"
"SHASTA","Non-Residential","     821.346132","     811.978474","     816.056877","     837.248805","     814.787970","     795.062902","     782.270627","     773.171208","     777.863208","     810.650758","     852.018583","     876.760956","     871.118779","     865.890043","    1011.873741","     956.732595","     945.225608","     883.952043","     911.126253","     875.293289","     896.339003","     918.418414","     848.081818","     925.161972","     878.260969","     900.809932","     964.300274","     953.462685","     942.258870","   25317.522788"
"SHASTA","Residential","     751.394327","     767.877015","     744.103124","     729.764078","     730.543553","     748.121485","     747.917768","     746.189550","     746.719475","     756.690788","     752.485745","     741.001466","     743.385601","     710.115374","     713.036247","     689.644737","     668.174869","     639.901689","     653.242309","     642.079804","     634.757591","     626.990120","     661.759299","     615.819594","     608.054044","     598.225337","     605.132082","     606.142311","     578.296518","   19957.565900"
"SHASTA","Total","    1572.740460","    1579.855489","    1560.160001","    1567.012883","    1545.331522","    1543.184387","    1530.188395","    1519.360758","    1524.582683","    1567.341545","    1604.504328","    1617.762422","    1614.504381","    1576.005417","    1724.909988","    1646.377332","    1613.400477","    1523.853732","    1564.368563","    1517.373093","    1531.096594","    1545.408534","    1509.841117","    1540.981566","    1486.315013","    1499.035269","    1569.432356","    1559.604996","    1520.555388","   45275.088689"
"SIERRA","Non-Residential","       7.843725","       8.245876","      10.137113","       9.660738","      10.396783","       9.623227","       9.372061","       9.357760","       9.325308","      10.033662","      10.599838","      11.467064","       9.007381","       9.900346","       9.507515","      19.922779","      17.390710","      20.715837","       8.115739","       8.086342","       8.351575","       8.387507","       8.549374","       9.019513","       8.647206","       7.637668","       6.008249","       9.931283","      10.437353","     295.679532"
"SIERRA","Residential","      13.112669","      13.513412","      15.665689","      14.359115","      13.187279","      13.834150","      14.166236","      14.038939","      14.375856","      14.393230","      14.503157","      16.769282","      14.853535","      15.222403","      15.110676","      15.061682","      14.777267","      14.826266","      14.627973","      14.848177","      14.731826","      13.908981","      13.839174","      13.550549","      13.418544","      10.250577","       9.834690","      13.437381","      13.450056","     407.668771"
"SIERRA","Total","      20.956393","      21.759287","      25.802802","      24.019853","      23.584062","      23.457377","      23.538297","      23.396699","      23.701165","      24.426892","      25.102995","      28.236347","      23.860916","      25.122749","      24.618191","      34.984461","      32.167977","      35.542103","      22.743712","      22.934518","      23.083401","      22.296488","      22.388548","      22.570062","      22.065750","      17.888245","      15.842939","      23.368664","      23.887409","     703.348302"
"SISKIYOU","Non-Residential","     266.996109","     268.361794","     269.252611","     271.487817","     267.713399","     265.747080","     257.716385","     264.510348","     264.868504","     277.484453","     294.729358","     319.318418","     277.689254","     274.441653","     288.855996","     278.418012","     283.868949","     270.149297","     234.304880","     239.225768","     210.018260","     224.145192","     238.484577","     250.998891","     227.973009","     245.209370","     238.387665","     243.255605","     272.048046","    7585.660700"
"SISKIYOU","Residential","     218.351960","     231.776583","     217.789987","     218.689488","     213.840861","     231.373246","     227.603068","     235.348271","     236.593108","     240.088325","     246.823226","     243.915767","     236.536075","     235.488133","     229.817261","     230.982636","     218.048840","     212.419492","     222.352654","     222.445014","     222.079025","     226.711535","     284.668763","     208.569589","     219.433100","     211.169746","     221.741968","     214.121954","     191.862981","    6570.642656"
"SISKIYOU","Total","     485.348069","     500.138378","     487.042597","     490.177305","     481.554260","     497.120325","     485.319452","     499.858618","     501.461612","     517.572778","     541.552585","     563.234185","     514.225329","     509.929786","     518.673257","     509.400648","     501.917788","     482.568788","     456.657535","     461.670783","     432.097285","     450.856727","     523.153340","     459.568480","     447.406109","     456.379116","     460.129633","     457.377559","     463.911027","   14156.303354"
"SOLANO","Non-Residential","    2209.877113","    2126.439922","    2186.321831","    2199.347263","    2210.767300","    2207.674328","    2173.108811","    2109.536720","    2060.584665","    2153.984534","    2146.781886","    2328.690049","    2112.839923","    2120.687251","    2064.247194","    1972.347375","    1948.559885","    1909.086770","    2063.957231","    2056.730275","    1815.057805","    1727.903124","    1741.553993","    1764.500496","    1779.031362","    1732.075691","    1773.942636","    1727.158588","    1887.860955","   58310.654976"
"SOLANO","Residential","    1033.373840","    1074.495749","    1020.842473","    1016.376649","    1010.442223","    1021.483886","    1020.257746","    1013.345940","    1003.360190","    1021.028346","    1029.947646","    1011.930309","    1052.983975","     999.973148","     989.503556","     990.799323","     908.905878","     877.695760","     939.754440","     904.293457","     880.818219","     854.771901","     843.261815","     792.330617","     778.884335","     796.996857","     763.352506","     760.420748","     753.056817","   27164.688349"
"SOLANO","Total","    3243.250953","    3200.935671","    3207.164305","    3215.723911","    3221.209524","    3229.158214","    3193.366557","    3122.882660","    3063.944855","    3175.012880","    3176.729533","    3340.620358","    3165.823898","    3120.660399","    3053.750751","    2963.146699","    2857.465763","    2786.782530","    3003.711670","    2961.023732","    2695.876024","    2582.675025","    2584.815809","    2556.831114","    2557.915698","    2529.072547","    2537.295142","    2487.579336","    2640.917772","   85475.343330"
"SONOMA","Non-Residential","    1670.333406","    1692.708193","    1662.202516","    1661.656412","    1660.238290","    1627.881938","    1575.174764","    1546.641716","    1539.605660","    1540.130809","    1645.278337","    1650.427611","    1566.324904","    1520.565672","    1638.263127","    1566.716984","    1615.883410","    1517.876470","    1652.204599","    1547.894721","    1439.401374","    1444.547226","    1396.867546","    1323.922041","    1297.931960","    1284.766971","    1273.193873","    1211.860173","    1239.837510","   44010.338213"
"SONOMA","Residential","    1257.531575","    1328.431524","    1302.969060","    1283.718184","    1289.047708","    1348.836569","    1356.414221","    1360.012116","    1346.591094","    1321.053828","    1303.884735","    1272.987877","    1299.980710","    1230.393491","    1226.250921","    1187.534122","    1152.753528","    1117.037568","    1199.613902","    1191.098838","    1140.427771","    1099.953577","    1061.282895","    1032.481043","    1024.717927","    1027.350417","     989.660199","     998.355312","     987.923198","   34738.293910"
"SONOMA","Total","    2927.864981","    3021.139717","    2965.171576","    2945.374596","    2949.285999","    2976.718507","    2931.588985","    2906.653832","    2886.196753","    2861.184637","    2949.163073","    2923.415489","    2866.305614","    2750.959163","    2864.514047","    2754.251106","    2768.636938","    2634.914038","    2851.818501","    2738.993559","    2579.829145","    2544.500803","    2458.150440","    2356.403084","    2322.649887","    2312.117388","    2262.854072","    2210.215485","    2227.760708","   78748.632123"
"STANISLAUS","Non-Residential","    3006.986245","    3029.511090","    3038.699942","    3054.096946","    3030.054766","    2980.212036","    2961.092141","    2807.042744","    2785.109466","    2848.134324","    2969.045687","    2982.655190","    3030.003968","    2976.084023","    2879.119127","    2889.661190","    2853.880348","    2704.937058","    2796.596717","    2703.323119","    2626.015697","    2508.892043","    2447.023832","    2332.549228","    2283.322095","    2187.753688","    2269.231228","    2302.615775","    2217.459032","   79501.108745"
"STANISLAUS","Residential","    1808.538456","    1847.966228","    1725.488195","    1708.654083","    1723.309509","    1698.575804","    1697.286996","    1666.999718","    1636.082413","    1718.663578","    1709.769175","    1677.031351","    1731.642330","    1651.921230","    1619.001674","    1609.958342","    1504.597521","    1429.164212","    1447.539235","    1377.489813","    1367.577234","    1331.017855","    1331.309900","    1244.928194","    1255.780030","    1219.004491","    1291.823418","    1301.658558","    1196.224573","   44529.004116"
"STANISLAUS","Total","    4815.524702","    4877.477318","    4764.188137","    4762.751029","    4753.364275","    4678.787839","    4658.379136","    4474.042461","    4421.191878","    4566.797902","    4678.814863","    4659.686540","    4761.646298","    4628.005253","    4498.120801","    4499.619532","    4358.477869","    4134.101270","    4244.135952","    4080.812932","    3993.592931","    3839.909898","    3778.333732","    3577.477421","    3539.102124","    3406.758180","    3561.054646","    3604.274334","    3413.683605","  124030.112858"
"SUTTER","Non-Residential","     359.441712","     355.460297","     357.421670","     373.365094","     371.970143","     372.228914","     356.144625","     341.377155","     334.134910","     348.540851","     351.158520","     347.114722","     351.240626","     309.947873","     310.326000","     296.337366","     310.088827","     302.551386","     307.699577","     296.599484","     274.014622","     281.652166","     272.285677","     265.814439","     269.088433","     256.386884","     251.702983","     241.586002","     237.800517","    9103.481475"
"SUTTER","Residential","     278.258196","     291.868371","     274.543176","     274.445158","     277.424902","     275.424375","     279.445385","     271.619489","     265.740867","     276.956473","     277.358295","     273.806875","     275.787567","     259.039640","     253.953909","     245.326165","     228.459695","     218.281907","     232.958914","     226.282229","     222.022397","     221.102650","     219.973839","     203.000605","     203.671153","     200.471983","     201.911746","     194.811427","     191.661435","    7115.608823"
"SUTTER","Total","     637.699908","     647.328668","     631.964846","     647.810252","     649.395045","     647.653289","     635.590010","     612.996644","     599.875778","     625.497324","     628.516816","     620.921597","     627.028193","     568.987513","     564.279909","     541.663531","     538.548521","     520.833293","     540.658491","     522.881712","     496.037019","     502.754816","     492.259516","     468.815044","     472.759586","     456.858867","     453.614728","     436.397429","     429.461952","   16219.090297"
"TEHAMA","Non-Residential","     276.540962","     279.016758","     266.730848","     265.978817","     260.813522","     268.715251","     266.005743","     259.285709","     252.698580","     264.083205","     275.108219","     278.107657","     249.373549","     238.255228","     246.674394","     242.359267","     205.578677","     302.241154","     287.812742","     287.022247","     266.182281","     276.526692","     266.269342","     258.628672","     253.443873","     244.048769","     240.290545","     235.090418","     248.855515","    7561.738636"
"TEHAMA","Residential","     231.841687","     240.327143","     229.926634","     229.651559","     231.062458","     237.287413","     238.703201","     233.762771","     233.175209","     237.856355","     233.977987","     230.410313","     227.426935","     214.093879","     216.066670","     202.320126","     198.326011","     189.921097","     200.151209","     197.215782","     191.372709","     187.591870","     186.971977","     177.708536","     176.948991","     173.922991","     176.012138","     175.080818","     171.136295","    6070.250764"
"TEHAMA","Total","     508.382649","     519.343901","     496.657482","     495.630376","     491.875980","     506.002663","     504.708944","     493.048480","     485.873790","     501.939560","     509.086206","     508.517970","     476.800484","     452.349107","     462.741063","     444.679393","     403.904688","     492.162251","     487.963951","     484.238028","     457.554990","     464.118562","     453.241319","     436.337209","     430.392864","     417.971760","     416.302683","     410.171236","     419.991809","   13631.989398"
"TRINITY","Non-Residential","     120.411967","     125.816034","     117.730556","     101.051829","     107.412887","     108.320334","     100.586127","     109.583381","      77.454181","      83.031267","       2.423341","       1.991885","      62.783185","      63.824159","       6.957762","      15.714568","      15.087174","       2.208223","       2.480198","       2.799628","       2.312930","       2.864903","       2.968178","       3.002780","       3.086261","       6.321745","       9.538606","      10.250799","      10.094531","    1278.109419"
"TRINITY","Residential","      10.236257","      11.632714","      10.999486","      10.261935","      10.421299","      11.208753","      11.473353","      11.598747","      11.276366","      10.634786","       9.987798","       9.433199","       8.570780","       8.280921","       8.415927","       7.848777","       7.951537","       7.554643","       7.868440","       7.574803","       7.393925","       7.337407","       7.248651","       7.045808","       7.025787","      17.383441","      25.816312","      26.623264","      26.298566","     325.403682"
"TRINITY","Total","     130.648224","     137.448748","     128.730041","     111.313763","     117.834186","     119.529087","     112.059481","     121.182128","      88.730547","      93.666053","      12.411139","      11.425084","      71.353965","      72.105080","      15.373689","      23.563345","      23.038711","       9.762866","      10.348639","      10.374431","       9.706855","      10.202311","      10.216828","      10.048588","      10.112048","      23.705185","      35.354918","      36.874063","      36.393096","    1603.513099"
"TULARE","Non-Residential","    3199.945420","    2978.660273","    3152.066245","    3263.553744","    3267.002018","    3106.120818","    2977.358171","    2582.673513","    2676.488309","    2791.608955","    2760.712692","    2652.248654","    2497.792147","    2274.678009","    2289.953610","    2216.908428","    2524.646320","    2372.978092","    2383.457810","    2308.351244","    1714.517731","    1853.446262","    1778.273719","    1650.016504","    1747.190856","    1611.596101","    1776.143753","    1721.519039","    1788.022809","   69917.931246"
"TULARE","Residential","    1312.968416","    1327.611554","    1221.377175","    1219.385964","    1223.528153","    1207.791753","    1182.436357","    1162.176496","    1139.392542","    1187.638224","    1161.595705","    1117.295191","    1191.525557","    1085.246048","    1046.763680","    1038.091984","     941.917305","     923.798861","     961.796790","     889.037278","     890.108631","     875.533090","     875.439751","     829.967205","     834.705547","     812.396109","     820.298247","     807.148766","     788.669980","   30075.642359"
"TULARE","Total","    4512.913836","    4306.271827","    4373.443420","    4482.939708","    4490.530171","    4313.912571","    4159.794528","    3744.850009","    3815.880851","    3979.247179","    3922.308397","    3769.543846","    3689.317704","    3359.924057","    3336.717290","    3255.000412","    3466.563625","    3296.776953","    3345.254600","    3197.388522","    2604.626362","    2728.979352","    2653.713470","    2479.983709","    2581.896404","    2423.992211","    2596.442000","    2528.667805","    2576.692790","   99993.573609"
"TUOLUMNE","Non-Residential","     245.280370","     243.775928","     238.527767","     235.499722","     234.274231","     240.993867","     233.703300","     225.241857","     212.050287","     222.618567","     203.576637","     210.690330","     503.201774","     261.287533","     222.674649","     205.366731","     218.972553","     217.069701","     247.143320","     229.129249","     222.012101","     189.567162","     164.119001","     212.158533","     239.087603","     268.186391","     253.778004","     248.528210","     247.047050","    6895.562428"
"TUOLUMNE","Residential","     208.530869","     217.079235","     209.324561","     206.545733","     206.145512","     219.803474","     220.364157","     220.505524","     222.835124","     224.344464","     224.550168","     223.038633","     219.301970","     213.696094","     217.969810","     207.063058","     208.122100","     200.317723","     207.408208","     206.826367","     203.618627","     191.286347","     189.765704","     186.285027","     185.058503","     187.026583","     181.083104","     186.355869","     184.325696","    5978.578244"
"TUOLUMNE","Total","     453.811239","     460.855163","     447.852329","     442.045455","     440.419743","     460.797342","     454.067457","     445.747381","     434.885411","     446.963031","     428.126806","     433.728963","     722.503744","     474.983627","     440.644459","     412.429789","     427.094653","     417.387424","     454.551528","     435.955616","     425.630727","     380.853509","     353.884705","     398.443561","     424.146106","     455.212975","     434.861108","     434.884079","     431.372747","   12874.140677"
"VENTURA","Non-Residential","    3656.643820","    3691.219452","    3676.453577","    3782.157683","    3585.800036","    3500.198082","    3606.113603","    3673.447111","    3666.665306","    3735.904606","    4031.100022","    3851.332255","    3926.175420","    3863.548941","    3833.552430","    3647.170067","    3995.800998","    3631.769481","    4219.783105","    3851.472657","    3529.743274","    3386.421404","    3234.827782","    3169.615157","    3131.362923","    3088.717193","    3029.318277","    3062.252950","    3140.198237","  104198.765849"
"VENTURA","Residential","    1882.782179","    1908.202371","    1785.210931","    1822.525154","    1909.056139","    1903.520128","    1920.689052","    1802.353129","    1790.313630","    1856.569146","    1892.179471","    1841.655365","    1765.764993","    1786.184805","    1744.202656","    1692.796422","    1582.853381","    1533.180703","    1652.837940","    1519.151419","    1462.682520","    1481.608592","    1426.889935","    1385.918311","    1395.507016","    1351.133971","    1371.460201","    1348.884490","    1349.773045","   48165.887095"
"VENTURA","Total","    5539.425998","    5599.421822","    5461.664508","    5604.682837","    5494.856175","    5403.718210","    5526.802654","    5475.800240","    5456.978936","    5592.473753","    5923.279493","    5692.987620","    5691.940413","    5649.733746","    5577.755086","    5339.966489","    5578.654379","    5164.950184","    5872.621045","    5370.624076","    4992.425794","    4868.029995","    4661.717717","    4555.533468","    4526.869938","    4439.851163","    4400.778477","    4411.137441","    4489.971282","  152364.652939"
"YOLO","Non-Residential","    1203.321346","    1207.288362","    1197.331724","    1197.794134","    1231.610772","    1194.028649","    1163.681971","    1149.773426","    1105.342535","    1166.032150","    1113.701656","    1132.282024","    1201.822945","    1205.947337","    1053.031939","     947.127910","    1077.010965","     935.803159","    1013.238930","    1144.004513","     915.712275","     890.653321","     891.740006","     852.738404","     857.379679","     821.724037","     780.289657","     777.073510","     780.064748","   30207.552084"
"YOLO","Residential","     514.741442","     537.954244","     508.110689","     504.997365","     505.718004","     508.238888","     510.870614","     500.228432","     494.710537","     514.856311","     508.267258","     498.576896","     511.971157","     492.597295","     474.012029","     473.559677","     437.449931","     416.834959","     444.344885","     419.293215","     407.010551","     401.931353","     395.182263","     364.965623","     362.160463","     366.895768","     366.594257","     361.263298","     361.662528","   13164.999932"
"YOLO","Total","    1718.062788","    1745.242606","    1705.442413","    1702.791499","    1737.328776","    1702.267537","    1674.552585","    1650.001857","    1600.053073","    1680.888460","    1621.968914","    1630.858920","    1713.794102","    1698.544633","    1527.043968","    1420.687587","    1514.460896","    1352.638118","    1457.583815","    1563.297728","    1322.722827","    1292.584674","    1286.922268","    1217.704027","    1219.540142","    1188.619806","    1146.883915","    1138.336808","    1141.727276","   43372.552018"
"YUBA","Non-Residential","     284.902029","     277.207183","     267.674821","     269.201358","     274.548897","     276.876586","     266.013317","     262.526545","     261.500580","     307.045651","     263.270724","     276.528747","     339.480880","     334.840761","     290.965887","     206.742143","     457.177985","     348.966719","     350.347205","     462.152821","     294.566622","     291.679399","     306.485791","     284.006126","     303.530840","     289.966296","     322.863967","     323.934790","     310.463080","    8805.467750"
"YUBA","Residential","     220.066702","     229.260629","     215.090257","     210.034874","     214.855318","     212.555287","     215.763758","     208.767382","     203.722227","     205.290033","     200.068673","     198.678040","     193.682356","     183.287730","     171.593596","     158.208847","     154.460551","     148.301835","     155.190740","     151.844374","     148.137424","     146.173412","     148.199468","     139.638867","     141.866205","     140.554885","     141.721570","     139.556078","     137.659067","    5134.230185"
"YUBA","Total","     504.968731","     506.467811","     482.765078","     479.236233","     489.404215","     489.431873","     481.777076","     471.293926","     465.222807","     512.335684","     463.339397","     475.206788","     533.163236","     518.128491","     462.559484","     364.950989","     611.638536","     497.268555","     505.537945","     613.997194","     442.704047","     437.852811","     454.685259","     423.644993","     445.397045","     430.521181","     464.585537","     463.490868","     448.122147","   13939.697937"
